data_suite,preprocessor,lhs_rows_count,lhs_rows_per_partition,rhs_rows_count,rhs_rows_per_partition
odd-to-even-100000,salt-per-1000000-,50000,50000,50001,50001
odd-to-even-100000,salt-per-10000000-,50000,50000,50001,50001
odd-to-even-100000,salt-per-100000000-,50000,50000,50001,50001
odd-to-even-100000,salt-per-1000000000-,50000,50000,50001,50001
odd-to-even-500000,salt-per-1000000-,250000,250000,250001,250001
odd-to-even-500000,salt-per-10000000-,250000,250000,250001,250001
odd-to-even-500000,salt-per-100000000-,250000,250000,250001,250001
odd-to-even-500000,salt-per-1000000000-,250000,250000,250001,250001
odd-to-even-1000000,salt-per-1000000-,500000,500000,500001,500001
odd-to-even-1000000,salt-per-10000000-,500000,500000,500001,500001
odd-to-even-1000000,salt-per-100000000-,500000,500000,500001,500001
odd-to-even-1000000,salt-per-1000000000-,500000,500000,500001,500001
odd-to-even-5000000,salt-per-1000000-,5000000,1249136-1250864-1250864-1249136,5000002,1251476-1251476-1248525-1248525
odd-to-even-5000000,salt-per-10000000-,2500000,2500000,2500001,2500001
odd-to-even-5000000,salt-per-100000000-,2500000,2500000,2500001,2500001
odd-to-even-5000000,salt-per-1000000000-,2500000,2500000,2500001,2500001
odd-to-even-10000000,salt-per-1000000-,25000000,1001275-999511-998641-1001798-1001275-1001798-998775-999511-998641-998775-1001275-1001798-999511-1001798-1001798-998775-998775-998641-1001275-998775-999511-998641-1001275-998641-999511,25000005,1001315-1001187-1001315-1001315-997760-1001187-1001315-997760-1001187-1001187-1001187-999902-999902-997760-999837-999837-997760-997760-999837-999902-999837-999837-999902-999902-1001315
odd-to-even-10000000,salt-per-10000000-,5000000,5000000,5000001,5000001
odd-to-even-10000000,salt-per-100000000-,5000000,5000000,5000001,5000001
odd-to-even-10000000,salt-per-1000000000-,5000000,5000000,5000001,5000001
odd-to-even-50000000,salt-per-1000000-,625000000,999632-3002321-2999196-2999666-2998925-3999950-1997867-2002560-3002659-2000444-5995141-2998844-7002636-6003394-2999207-6000848-1999467-1001192-1999697-4000671-3997206-2002299-3002089-2999210-4999988-2998882-3002145-3002951-8002011-2000720-5993380-999632-2002903-3997504-5003723-3002060-2000130-3999474-1995840-4999507-3999521-3999296-1998493-1999637-5000730-3998800-998128-7000594-4001192-3998833-3999259-2997437-2996304-2997014-1999637-1999261-1997660-2000053-2999642-4002955-3999562-4001939-4000475-5001923-4000182-6001197-1001494-1999892-2001557-3998431-4002661-2996729-998552-3002256-1000532-3001137-2995337-999908-4001039-5001784-1999209-1999567-2000167-3001384-4000539-6001458-4998529-2000898-2001686-1999033-4000631-4996219-2001604-4001212-3000216-6003285-3997194-3001031-3997400-4998360-2998617-2002283-4997514-999807-3000394-4002515-4003879-6001472-3000696-2998294-2001748-999532-6003378-2002478-2999827-3002944-5002039-3000617-2999275-2001896-3998860-4997501-4002297-2000898-1998668-2000554-2998005-4003049-1999849-999770-5994032-1997236-5997272-1999816-3004076-1999150-5000795-5999255-4000427-3002097-2995896-6000617-5997857-3996119-1998545-1998077-5998228-999927-1999978-4003210-2002686-4001299-5003303-5999467-4003181-3998175-1999972-8991950-4002060-5005205-3997606-4998295-997712-3000200-3001886-7000844-1998460-2002283-4999917-2001695-2999921-5999630-999935-7000745-2001127-2000543-1000360-2998152-3996065-1999849-1999219-1998847-1997482-3003696-3000341,625000025,1001555-2998499-2999299-3000469-3001416-3999124-2002715-1998233-3001476-1998291-5999077-3000349-6998555-6002440-3000304-6003509-1999722-999935-1999840-4000065-3999865-1998483-3001031-2997768-5001018-2999017-2999345-3001039-8001784-1999901-6000654-999128-2001439-3998247-4998592-3000367-2000738-4002545-2001002-4998683-4000593-4000036-1998775-1998209-4999277-3998142-1001005-6999749-3999431-3997768-3999977-3000080-3001401-3000188-1998564-2000677-1999933-1998828-3001184-3997224-4000520-4000753-3998077-4999059-3996587-5998599-999271-1999063-2002273-4000065-3998432-3002201-1000718-2998462-999645-3000507-3000017-998940-3998345-4999027-1999537-2001403-2002058-3001035-4001101-6000904-5002020-1999810-2000738-2000844-3998037-5000802-1999875-3998796-3003403-6002609-4002126-2999941-3999228-4998509-2999217-2001449-4997883-1001160-3000376-3997645-4002000-6000131-3000170-3000509-2001930-998564-6001065-1998123-2999139-3000367-5001526-3000104-3000038-2002320-4000999-4999395-3999609-1999715-1999846-1999206-3000998-4002080-1997880-999293-5997096-2001905-5998006-2000167-3001270-1998840-4998996-5997352-3996250-2998851-2998404-5998541-6001880-4001240-2001930-2001326-5998207-999777-1999898-3999105-2000151-4001702-4998543-6000803-3999401-4002926-2000308-9002356-4000989-5001571-4001565-5000591-999436-3001101-3000219-6997757-1999464-1997994-4999680-1999278-3000013-5998709-999293-7001756-2001905-2000738-1000663-2999022-4000780-1998613-2000596-1998840-1999569-3002239-2999779
odd-to-even-50000000,salt-per-10000000-,50000000,12500684-12499316-12499316-12500684,50000002,12497969-12497969-12502032-12502032
odd-to-even-50000000,salt-per-100000000-,25000000,25000000,25000001,25000001
odd-to-even-50000000,salt-per-1000000000-,25000000,25000000,25000001,25000001
one-to-even-100000,salt-per-1000000-,100001,100001,50001,50001
one-to-even-100000,salt-per-10000000-,100001,100001,50001,50001
one-to-even-100000,salt-per-100000000-,100001,100001,50001,50001
one-to-even-100000,salt-per-1000000000-,100001,100001,50001,50001
one-to-even-500000,salt-per-1000000-,500001,500001,250001,250001
one-to-even-500000,salt-per-10000000-,500001,500001,250001,250001
one-to-even-500000,salt-per-100000000-,500001,500001,250001,250001
one-to-even-500000,salt-per-1000000000-,500001,500001,250001,250001
one-to-even-1000000,salt-per-1000000-,1000001,1000001,500001,500001
one-to-even-1000000,salt-per-10000000-,1000001,1000001,500001,500001
one-to-even-1000000,salt-per-100000000-,1000001,1000001,500001,500001
one-to-even-1000000,salt-per-1000000000-,1000001,1000001,500001,500001
one-to-even-5000000,salt-per-1000000-,25000005,999730-999756-1001573-999198-999730-999198-999744-999756-1001573-999744-999730-999198-999756-999198-999198-999744-999744-1001573-999730-999744-999756-1001573-999730-1001573-999756,12500005,499911-499834-499911-499911-500399-499834-499911-500399-499834-499834-499834-500140-500140-500399-499717-499717-500399-500399-499717-500140-499717-499717-500140-500140-499911
one-to-even-5000000,salt-per-10000000-,5000001,5000001,2500001,2500001
one-to-even-5000000,salt-per-100000000-,5000001,5000001,2500001,2500001
one-to-even-5000000,salt-per-1000000000-,5000001,5000001,2500001,2500001
one-to-even-10000000,salt-per-1000000-,100000010,999351-1999048-2000948-997571-999937-1000606-997571-997571-3003455-1000953-999351-1000953-2001906-999351-999351-2998973-1001352-1000606-999697-999233-997571-999937-1001251-1000050-2000703-999233-999233-999233-1001251-1001352-2001301-997571-999937-1000050-999697-1001352-999697-999697-999937-1001352-1000606-1000606-1001251-1999288-1000050-999697-999351-1000953-1001352-999233-1000606-1000050-999351-999937-999937-1000953-1000050-1000050-1001251-1001352-999233-1001352-1000606-999937-2000303-1001352-1997268-2002204-999351-997571-999937-999233-1000953-1000606-1996804-999937-2998980-1998177-1000606-1001251-999233-1000050-1000953,50000010,499960-1001071-999927-499108-500489-501643-501111-501643-1500664-499216-499399-498816-999774-499108-501643-1500772-498816-499960-500489-500445-499814-499108-499216-499814-1000327-501643-499399-499108-501643-499216-1001600-499960-501111-499960-501643-499960-500445-498816-500445-499108-500445-501111-500489-997632-499399-499399-500445-499399-501643-499960-498816-499216-499814-501643-499960-500489-499108-500445-499814-499814-499814-500489-500489-499814-998432-499399-998507-1001603-500489-498816-499399-499216-500445-499108-1000934-499216-1497446-1000303-499399-499399-501111-501643-499108
one-to-even-10000000,salt-per-10000000-,10000001,10000001,5000001,5000001
one-to-even-10000000,salt-per-100000000-,10000001,10000001,5000001,5000001
one-to-even-10000000,salt-per-1000000000-,10000001,10000001,5000001,5000001
one-to-even-50000000,salt-per-1000000-,2500000050,12000526-6999080-11003147-15001559-9002213-13003041-11993166-11005201-11001602-11001891-13995478-12001877-12998804-13001892-17000524-16005004-10997365-16000485-8001614-13997901-14997062-8996974-8002268-13005555-15002788-18995003-10998706-14000250-12998122-20993582-7997722-12998903-4999424-9998725-9001015-6997946-10998174-16000071-10004300-15996230-18002529-8999719-15996667-12000720-8999498-12998984-12001417-8999505-10999986-19002519-13003890-19998576-10003840-13995614-14002474-7998920-10999887-13000022-16000552-9001939-12999866-10996347-13999090-16997135-17000684-12001900-14005183-9999151-16996702-12999745-19002881-8000613-6997351-12001452-15996632-14999445-12998676-8994728-10002504-8001909-15994150-13004235-12998139-12998841-14000507-9000942-5998357-10000628-13002093-8997848-12000456-11998665-14003727-9000574-7002807-10001167-9995038-14001883-6999007-14002269-11000195-12997790-12995265-13002820-9998804-11997186-18002429-16997893-13000209-12003919-11001428-10995533-7993942-15999848-18001130-26008983-14998960-16002093-11000337-8000168-16999308-12001658-15998559-11005577-10996826-11997509-7001710-11999383-10998866-13005496-11998368-14001302-18005094-13002031-12999260-10998005-9996256-10002548-9998628-6001803-17999170-6999021-12000384-5996964-17004362-12996563-10997210-16996413-16002500-8001694-13002316-15994007-14002210-14000090-12999792-7000880-11999894-10995245-20995306-6000627-11997039-11998817-12997633-13001739-14998000-20000794-13998224-13000444-14997499-12000668-13995332-11005849-14002058-11001919-5997564-14001134-13002697-14998833-7000386-20005969-12002709-7002923-9995657-11000496-10998778-9001075-19995817-6001742-21010703-14001251-11005050-18007440-18993028-14002263-13998281-8999702-9996980-9998371-7998854-13998790,1250000050,6000401-3499193-5500159-7501909-4499750-6503393-5994831-5504382-5502446-5498578-6999264-6003948-6497768-6494580-8500834-7997195-5497570-8000991-3996985-6999126-7500608-4502745-3997971-6499817-7503375-9497750-5498710-7000030-6498662-10501237-3999174-6501512-2501027-5002282-4498115-3500514-5500074-7999500-4996696-7998738-8999736-4503168-7994659-6000269-4499250-6503365-6001979-4496498-5499097-9500454-6498460-9996072-4997265-7000835-6997192-3997464-5497806-6501313-7996807-4502246-6502428-5501011-6994855-8500942-8494298-6002823-7001047-4998385-8499747-6500056-9505474-4000832-3499670-6002101-7998733-7499422-6500555-4502139-5001030-3997827-8000666-6500922-6499696-6500402-7000799-4504635-3001058-5002079-6499869-4501031-6004611-5996703-6996996-4500441-3500308-4995839-5003000-7000657-3501062-7004094-5497395-6500542-6500458-6499826-4999717-5998539-9000321-8500834-6498225-6000225-5497866-5503057-3999743-7999262-8999909-12999899-7493668-7999071-5500838-4002731-8498871-6000659-8007091-5497960-5500752-5997673-3502252-6001096-5496512-6500867-5995407-6998744-8998825-6499902-6498925-5501848-5004189-4998687-4999795-3000102-9002179-3498233-5996739-3000706-8503211-6500411-5500410-8500438-7999072-3997949-6492785-7997356-7003745-7003236-6502598-3501715-5999298-5498746-10498330-3000561-5994888-5998655-6498760-6497848-7505088-10004637-6999260-6499599-7503115-5998292-7000740-5502880-7002199-5500365-2999414-7001453-6502456-7500681-3501603-9999629-6004101-3500604-5002532-5501445-5500272-4500841-9996615-2996732-10495817-6998557-5500675-9009703-9499282-7001686-7002484-4496589-4999452-4996759-4000953-6999370
one-to-even-50000000,salt-per-10000000-,250000005,10000895-9999145-9999501-9999389-10000895-9999389-10001071-9999145-9999501-10001071-10000895-9999389-9999145-9999389-9999389-10001071-10001071-9999501-10000895-10001071-9999145-9999501-10000895-9999501-9999145,125000005,5000677-5001500-5000677-5000677-4998312-5001500-5000677-4998312-5001500-5001500-5001500-4998732-4998732-4998312-5000780-5000780-4998312-4998312-5000780-4998732-5000780-5000780-4998732-4998732-5000677
one-to-even-50000000,salt-per-100000000-,50000001,50000001,25000001,25000001
one-to-even-50000000,salt-per-1000000000-,50000001,50000001,25000001,25000001
one-to-long-continuous-100000,salt-per-1000000-,100001,100001,10,10
one-to-long-continuous-100000,salt-per-10000000-,100001,100001,10,10
one-to-long-continuous-100000,salt-per-100000000-,100001,100001,10,10
one-to-long-continuous-100000,salt-per-1000000000-,100001,100001,10,10
one-to-long-continuous-500000,salt-per-1000000-,500001,500001,50,50
one-to-long-continuous-500000,salt-per-10000000-,500001,500001,50,50
one-to-long-continuous-500000,salt-per-100000000-,500001,500001,50,50
one-to-long-continuous-500000,salt-per-1000000000-,500001,500001,50,50
one-to-long-continuous-1000000,salt-per-1000000-,1000001,1000001,100,100
one-to-long-continuous-1000000,salt-per-10000000-,1000001,1000001,100,100
one-to-long-continuous-1000000,salt-per-100000000-,1000001,1000001,100,100
one-to-long-continuous-1000000,salt-per-1000000000-,1000001,1000001,100,100
one-to-long-continuous-5000000,salt-per-1000000-,25000005,1001282-998934-1000301-999400-1001282-999400-1000084-998934-1000301-1000084-1001282-999400-998934-999400-999400-1000084-1000084-1000301-1001282-1000084-998934-1000301-1001282-1000301-998934,2500,2500
one-to-long-continuous-5000000,salt-per-10000000-,5000001,5000001,500,500
one-to-long-continuous-5000000,salt-per-100000000-,5000001,5000001,500,500
one-to-long-continuous-5000000,salt-per-1000000000-,5000001,5000001,500,500
one-to-long-continuous-10000000,salt-per-1000000-,100000010,999783-1998627-1999509-999032-1001858-999864-999032-999032-3000399-999069-999783-999069-1998138-999783-999783-2998806-1000671-999864-998844-1001112-999032-1001858-1000665-999103-2000454-1001112-1001112-1001112-1000665-1000671-1999768-999032-1001858-999103-998844-1000671-998844-998844-1001858-1000671-999864-999864-1000665-2001641-999103-998844-999783-999069-1000671-1001112-999864-999103-999783-1001858-1001858-999069-999103-999103-1000665-1000671-1001112-1000671-999864-1001858-1998708-1000671-1997876-1999734-999783-999032-1001858-1001112-999069-999864-2000144-1001858-2999059-1998896-999864-1000665-1001112-999103-999069,10000,10000
one-to-long-continuous-10000000,salt-per-10000000-,10000001,10000001,1000,1000
one-to-long-continuous-10000000,salt-per-100000000-,10000001,10000001,1000,1000
one-to-long-continuous-10000000,salt-per-1000000000-,10000001,10000001,1000,1000
one-to-long-continuous-50000000,salt-per-1000000-,2500000050,12006366-6999124-11003119-14998451-9005232-13001395-12003817-10996497-11002049-11002029-13997369-11999273-12995915-13003772-16991425-16001218-10999475-16004431-8005468-14001668-15000072-8999306-7994824-12996210-14993482-19005179-10995052-13995436-12996990-20998679-8006056-12999408-5003488-10003352-9003615-7000189-10994635-16004441-10000715-16002652-17992488-9003712-15998063-12008729-9001408-12994269-12002215-8993460-10998573-18995893-13000235-20000535-10000678-13996566-13999217-8003084-10995751-13002443-15995812-9003589-13004836-10997400-14001792-16991861-17000859-12002670-13998235-9997248-17010562-13000685-19002062-7996556-7003938-12002610-15997243-14994662-12994712-8996768-9999069-7995144-16003440-12995601-13004340-13000692-14001181-8993111-6002406-10002514-13000995-8995235-11999039-12000673-13996605-8999262-7002562-10001215-10001290-14005350-7000870-13999091-10997583-13000715-12996557-12995712-10001836-11997165-18001401-17004944-13001031-12003308-10999264-11001723-8003697-16001099-17990376-25996857-15000630-16002021-10997602-8004508-17004185-11994875-15999802-11001472-10997886-11998989-6996771-12003046-10999410-13002112-12003992-13999408-18000057-13000547-13001836-10999496-9999273-10002499-9999692-6000127-18003725-7002492-11999920-5994498-17003926-13001917-10999225-16994623-16004744-8001304-13003124-16000785-14003639-13999115-12997513-7004022-12002756-10999402-20999700-6002841-11991558-12005985-12999834-12997461-15003431-20004478-14003262-12999071-15001035-11999671-13998267-11005832-14000970-10997025-6001045-13992735-12996833-15001673-7001119-20000635-11997664-7001662-9997806-10992997-10999410-9000101-19998728-5996317-21003691-13999772-10997690-18003083-18995689-13995167-14002952-9003266-10000055-9999984-8002976-13993367,250000,29337-29252-29557-29339-29906-29574-30208-42827
one-to-long-continuous-50000000,salt-per-10000000-,250000005,9995564-10001064-9998054-10000026-9995564-10000026-10005293-10001064-9998054-10005293-9995564-10000026-10001064-10000026-10000026-10005293-10005293-9998054-9995564-10005293-10001064-9998054-9995564-9998054-10001064,25000,25000
one-to-long-continuous-50000000,salt-per-100000000-,50000001,50000001,5000,5000
one-to-long-continuous-50000000,salt-per-1000000000-,50000001,50000001,5000,5000
one-to-long-overlap-100000,salt-per-1000000-,100001,100001,19,19
one-to-long-overlap-100000,salt-per-10000000-,100001,100001,19,19
one-to-long-overlap-100000,salt-per-100000000-,100001,100001,19,19
one-to-long-overlap-100000,salt-per-1000000000-,100001,100001,19,19
one-to-long-overlap-500000,salt-per-1000000-,500001,500001,99,99
one-to-long-overlap-500000,salt-per-10000000-,500001,500001,99,99
one-to-long-overlap-500000,salt-per-100000000-,500001,500001,99,99
one-to-long-overlap-500000,salt-per-1000000000-,500001,500001,99,99
one-to-long-overlap-1000000,salt-per-1000000-,1000001,1000001,199,199
one-to-long-overlap-1000000,salt-per-10000000-,1000001,1000001,199,199
one-to-long-overlap-1000000,salt-per-100000000-,1000001,1000001,199,199
one-to-long-overlap-1000000,salt-per-1000000000-,1000001,1000001,199,199
one-to-long-overlap-5000000,salt-per-1000000-,25000005,1000571-1000882-999775-999311-1000571-999311-999462-1000882-999775-999462-1000571-999311-1000882-999311-999311-999462-999462-999775-1000571-999462-1000882-999775-1000571-999775-1000882,4995,4995
one-to-long-overlap-5000000,salt-per-10000000-,5000001,5000001,999,999
one-to-long-overlap-5000000,salt-per-100000000-,5000001,5000001,999,999
one-to-long-overlap-5000000,salt-per-1000000000-,5000001,5000001,999,999
one-to-long-overlap-10000000,salt-per-1000000-,100000010,999070-1998346-1999573-1000425-998782-1000091-1000425-1000425-3002052-1001458-999070-1001458-2002916-999070-999070-3001931-1001192-1000091-999276-999096-1000425-998782-1000297-1000314-2000262-999096-999096-999096-1000297-1001192-2000611-1000425-998782-1000314-999276-1001192-999276-999276-998782-1001192-1000091-1000091-1000297-1997852-1000314-999276-999070-1001458-1001192-999096-1000091-1000314-999070-998782-998782-1001458-1000314-1000314-1000297-1001192-999096-1001192-1000091-998782-1999367-1001192-1999701-2001755-999070-1000425-998782-999096-1001458-1000091-1999521-998782-2998686-2000516-1000091-1000297-999096-1000314-1001458,19990,19990
one-to-long-overlap-10000000,salt-per-10000000-,10000001,10000001,1999,1999
one-to-long-overlap-10000000,salt-per-100000000-,10000001,10000001,1999,1999
one-to-long-overlap-10000000,salt-per-1000000000-,10000001,10000001,1999,1999
one-to-long-overlap-50000000,salt-per-1000000-,2500000050,12002628-6997691-10996956-15004677-9001089-12999137-11999652-10999668-11000323-11001097-13997510-11999976-12999309-13000722-16999753-15999670-11000163-16003291-7997648-14002029-15009702-8999802-8000507-13005411-15000885-18997935-10999152-13997416-12993168-21013858-7990309-13004801-4999536-9994909-8997773-7000597-10997988-16000545-10002402-15994752-18006021-8994406-16001630-12000166-8999893-13003473-11990708-9003016-11001280-19002902-13001929-20002693-9996286-13999417-13995867-8002899-10998707-12994676-16001083-9001528-13000700-11003528-13992833-17001559-16999126-11995640-14003185-9996367-16995904-13003511-19001713-8002335-7000818-12001264-15996800-14999766-13005364-8999985-10000164-8000452-15999842-13003637-13001816-13001910-14001841-9002561-6000413-10001228-12998714-9000008-11996331-12002582-14010059-8997667-6999252-10001525-10000704-13992279-6997206-14001162-11003918-12993039-13002927-13000165-10001964-12001457-17999716-16998854-12990340-12004102-11001770-10997982-7998137-16002238-18002386-25997374-15002631-16002219-10998776-8001576-16995580-12001906-16004516-11001190-10998155-12002025-7000793-11994622-11004415-12999133-11993157-13998177-18000012-12999740-12999611-10997485-9998217-9999594-10001688-6004032-18004480-7003347-12007501-6001546-16997940-12998169-10996624-17003805-16003998-8001331-12994964-15992692-14001797-14001068-12999469-6998781-12000181-10998867-20995182-5997878-11998274-12001710-12999616-13001019-14999400-20001564-13995945-13003052-14994738-12001097-13998984-10997286-14003695-10998792-6000800-14001234-12999939-14995983-6997888-19996455-11997968-6998317-10006277-11002495-10995849-8997994-20002984-6000775-20998893-13995809-11000248-18005244-19000836-13999374-14000903-8998523-9999885-9999316-7995994-14004888,499950,30170-30857-31518-33080-30768-32658-32089-30904-31867-32479-34150-33259-33426-32822-49903
one-to-long-overlap-50000000,salt-per-10000000-,250000005,9999458-10000847-10005071-9996688-9999458-9996688-9997937-10000847-10005071-9997937-9999458-9996688-10000847-9996688-9996688-9997937-9997937-10005071-9999458-9997937-10000847-10005071-9999458-10005071-10000847,49995,49995
one-to-long-overlap-50000000,salt-per-100000000-,50000001,50000001,9999,9999
one-to-long-overlap-50000000,salt-per-1000000000-,50000001,50000001,9999,9999
one-to-one-100000,salt-per-1000000-,100001,100001,100001,100001
one-to-one-100000,salt-per-10000000-,100001,100001,100001,100001
one-to-one-100000,salt-per-100000000-,100001,100001,100001,100001
one-to-one-100000,salt-per-1000000000-,100001,100001,100001,100001
one-to-one-500000,salt-per-1000000-,500001,500001,500001,500001
one-to-one-500000,salt-per-10000000-,500001,500001,500001,500001
one-to-one-500000,salt-per-100000000-,500001,500001,500001,500001
one-to-one-500000,salt-per-1000000000-,500001,500001,500001,500001
one-to-one-1000000,salt-per-1000000-,1000001,1000001,1000001,1000001
one-to-one-1000000,salt-per-10000000-,1000001,1000001,1000001,1000001
one-to-one-1000000,salt-per-100000000-,1000001,1000001,1000001,1000001
one-to-one-1000000,salt-per-1000000000-,1000001,1000001,1000001,1000001
one-to-one-5000000,salt-per-1000000-,25000005,1000585-1000515-1000077-997589-1000585-997589-1001235-1000515-1000077-1001235-1000585-997589-1000515-997589-997589-1001235-1001235-1000077-1000585-1001235-1000515-1000077-1000585-1000077-1000515,25000005,997465-1001740-997465-997465-999894-1001740-997465-999894-1001740-1001740-1001740-1000755-1000755-999894-1000147-1000147-999894-999894-1000147-1000755-1000147-1000147-1000755-1000755-997465
one-to-one-5000000,salt-per-10000000-,5000001,5000001,5000001,5000001
one-to-one-5000000,salt-per-100000000-,5000001,5000001,5000001,5000001
one-to-one-5000000,salt-per-1000000000-,5000001,5000001,5000001,5000001
one-to-one-10000000,salt-per-1000000-,100000010,1001109-2002486-2000933-1000190-1000650-999652-1000190-1000190-2997170-998058-1001109-998058-1996116-1001109-1001109-2999017-998986-999652-1001377-1000582-1000190-1000650-999556-999841-2000095-1000582-1000582-1000582-999556-998986-1999397-1000190-1000650-999841-1001377-998986-1001377-1001377-1000650-998986-999652-999652-999556-2001759-999841-1001377-1001109-998058-998986-1000582-999652-999841-1001109-1000650-1000650-998058-999841-999841-999556-998986-1000582-998986-999652-1000650-2001029-998986-2001567-1997614-1001109-1000190-1000650-1000582-998058-999652-2000772-1000650-3001800-1999842-999652-999556-1000582-999841-998058,100000010,998976-1999304-2001832-999705-1000098-998972-1000328-998972-2999872-999251-1001062-1001504-1999242-999705-998972-2999418-1001504-998976-1000098-999839-1000266-999705-999251-1000266-1999579-998972-1001062-999705-998972-999251-2000426-998976-1000328-998976-998972-998976-999839-1001504-999839-999705-999839-1000328-1000098-2003008-1001062-1001062-999839-1001062-998972-998976-1001504-999251-1000266-998972-998976-1000098-999705-999839-1000266-1000266-1000266-1000098-1000098-1000266-1998502-1001062-2000767-1997948-1000098-1001504-1001062-999251-999839-999705-1999937-999251-3003274-2000364-1001062-1001062-1000328-998972-999705
one-to-one-10000000,salt-per-10000000-,10000001,10000001,10000001,10000001
one-to-one-10000000,salt-per-100000000-,10000001,10000001,10000001,10000001
one-to-one-10000000,salt-per-1000000000-,10000001,10000001,10000001,10000001
one-to-one-50000000,salt-per-1000000-,2500000050,12009530-7001063-11003403-15001065-8995777-12997991-12006842-11002720-11000164-10993736-14000170-12003749-12995503-13000350-17002129-15998505-10997735-15998628-8000925-14000726-14998795-8996264-7994356-13000551-15003762-19006699-10994584-13995062-13002295-21001314-7998486-13008073-4999662-9999435-9000846-6995562-10996537-16001285-10000387-16003086-18001619-9003145-15995984-11996228-9005379-13001468-12006960-8999566-10995110-18999319-12995421-20003182-9999369-14006275-14002298-8002361-10998106-13004795-16006116-9000476-12991423-10995209-13992246-17004967-16997723-12000515-13999334-9996735-16999770-13000733-19002041-7999844-6997136-11996632-16006445-15004642-13001203-9003765-9997161-7996906-16001076-13000936-13001177-12997823-14003506-9002846-6001887-10002263-13002227-9002299-11998660-11995410-13994821-9003958-6995077-10002246-9999161-14005832-6998298-14002666-10997614-13005244-13002656-12996260-9996764-12000551-17988644-17004568-13002241-11995483-10996618-11003780-8000591-16004211-17991385-25997182-14997776-15995527-11003009-7995727-16995925-11997920-15996190-11004051-10998361-11994581-6999743-12001966-11004633-13003857-11998357-14000652-17999722-13005689-13001106-10997188-10003464-10001500-9997847-5995270-17999268-7002680-12002862-5996263-16994792-12995673-11000015-17004916-15996689-8000497-12996536-16001181-14003727-14003189-13011301-7008639-11999090-11002540-21006298-6001697-11997974-11995640-12996800-12999551-15008903-19998813-13999729-12997821-14998950-12000241-14003158-10991822-13998495-10999004-5998609-13996795-13003619-15000615-7000786-20007904-11994736-6998722-9995104-10996868-10998432-8999107-20002293-5997607-20995572-14000214-11000109-18006562-18997533-13995062-14001928-8997665-9998496-10002261-8000643-13996673,2500000050,11998475-7003210-10999298-14998754-9007962-12998172-12000526-11004159-11002767-10998081-13998487-11999792-12996914-13004012-16998717-16002543-11001186-16000674-8000312-13997267-15007721-9004866-8001394-13003605-14998111-19003505-11000464-14000974-13002765-21002421-8001271-12997135-5002035-10003395-9003143-6997859-11002495-15996855-9997535-15997236-18001597-8995127-16003909-12006396-8998672-13001203-11996905-8997025-10999994-19000895-12999745-19994730-9994850-13998591-13994485-7997907-11005942-13000238-15999207-8996663-13001320-11000745-14000959-17005723-16998168-11997145-13998825-10000474-17008052-12997819-18999692-8001401-7001106-12000023-15987519-14997269-13006629-8996968-9994619-7997041-16010475-12998729-13001136-12997147-14004327-8995099-5999768-9996246-13003241-9005243-11998846-11996483-13996553-9005499-7000918-9997670-9998808-13999550-7000080-14001649-11000305-13003365-13006257-12996969-10000635-11999330-17999692-16993819-13000437-11997782-10997298-11005435-8000115-16001660-18005118-25995927-15000478-15997399-11002142-7996071-16999248-12000594-15997680-11002454-10999321-11996931-6998652-11996033-10997554-13001754-11997063-14001537-17999427-13000820-12998388-10999339-9999887-9996304-10005625-5999934-17998949-6999349-11996958-6000213-17004293-12997302-11005579-16999206-16002078-8001944-12998331-15998085-13992885-13998954-12998814-7002808-12007073-10994920-21007188-6003072-12001293-11995382-12997277-12996406-15006496-19990692-14001297-12999238-14997773-12004353-13994052-11002421-13998128-11004747-6000095-13996939-13000736-14999051-7000199-19999544-11988468-6998283-9996442-10997358-11003652-8998160-20001621-6005255-21004553-14001976-11002257-18003121-19001870-13994168-14002568-9000830-10001465-9997935-7997188-14000843
one-to-one-50000000,salt-per-10000000-,250000005,9999788-9997394-10001004-10004362-9999788-10004362-9997453-9997394-10001004-9997453-9999788-10004362-9997394-10004362-10004362-9997453-9997453-10001004-9999788-9997453-9997394-10001004-9999788-10001004-9997394,250000005,9993509-10000795-9993509-9993509-10007787-10000795-9993509-10007787-10000795-10000795-10000795-9995652-9995652-10007787-10002258-10002258-10007787-10007787-10002258-9995652-10002258-10002258-9995652-9995652-9993509
one-to-one-50000000,salt-per-100000000-,50000001,50000001,50000001,50000001
one-to-one-50000000,salt-per-1000000000-,50000001,50000001,50000001,50000001
short-continuous-to-long-overlap-100000,salt-per-1000000-,10000,10000,19,19
short-continuous-to-long-overlap-100000,salt-per-10000000-,10000,10000,19,19
short-continuous-to-long-overlap-100000,salt-per-100000000-,10000,10000,19,19
short-continuous-to-long-overlap-100000,salt-per-1000000000-,10000,10000,19,19
short-continuous-to-long-overlap-500000,salt-per-1000000-,50000,50000,99,99
short-continuous-to-long-overlap-500000,salt-per-10000000-,50000,50000,99,99
short-continuous-to-long-overlap-500000,salt-per-100000000-,50000,50000,99,99
short-continuous-to-long-overlap-500000,salt-per-1000000000-,50000,50000,99,99
short-continuous-to-long-overlap-1000000,salt-per-1000000-,100000,100000,199,199
short-continuous-to-long-overlap-1000000,salt-per-10000000-,100000,100000,199,199
short-continuous-to-long-overlap-1000000,salt-per-100000000-,100000,100000,199,199
short-continuous-to-long-overlap-1000000,salt-per-1000000000-,100000,100000,199,199
short-continuous-to-long-overlap-5000000,salt-per-1000000-,500000,500000,999,999
short-continuous-to-long-overlap-5000000,salt-per-10000000-,500000,500000,999,999
short-continuous-to-long-overlap-5000000,salt-per-100000000-,500000,500000,999,999
short-continuous-to-long-overlap-5000000,salt-per-1000000000-,500000,500000,999,999
short-continuous-to-long-overlap-10000000,salt-per-1000000-,1000000,1000000,1999,1999
short-continuous-to-long-overlap-10000000,salt-per-10000000-,1000000,1000000,1999,1999
short-continuous-to-long-overlap-10000000,salt-per-100000000-,1000000,1000000,1999,1999
short-continuous-to-long-overlap-10000000,salt-per-1000000000-,1000000,1000000,1999,1999
short-continuous-to-long-overlap-50000000,salt-per-1000000-,25000000,1001103-999775-999527-998969-1001103-998969-1000626-999775-999527-1000626-1001103-998969-999775-998969-998969-1000626-1000626-999527-1001103-1000626-999775-999527-1001103-999527-999775,49995,49995
short-continuous-to-long-overlap-50000000,salt-per-10000000-,5000000,5000000,9999,9999
short-continuous-to-long-overlap-50000000,salt-per-100000000-,5000000,5000000,9999,9999
short-continuous-to-long-overlap-50000000,salt-per-1000000000-,5000000,5000000,9999,9999
short-continuous-to-random-normal-short-100000,salt-per-1000000-,10000,10000,47700,47700
short-continuous-to-random-normal-short-100000,salt-per-10000000-,10000,10000,47700,47700
short-continuous-to-random-normal-short-100000,salt-per-100000000-,10000,10000,47700,47700
short-continuous-to-random-normal-short-100000,salt-per-1000000000-,10000,10000,47700,47700
short-continuous-to-random-normal-short-500000,salt-per-1000000-,50000,50000,238800,238800
short-continuous-to-random-normal-short-500000,salt-per-10000000-,50000,50000,238800,238800
short-continuous-to-random-normal-short-500000,salt-per-100000000-,50000,50000,238800,238800
short-continuous-to-random-normal-short-500000,salt-per-1000000000-,50000,50000,238800,238800
short-continuous-to-random-normal-short-1000000,salt-per-1000000-,100000,100000,482200,482200
short-continuous-to-random-normal-short-1000000,salt-per-10000000-,100000,100000,482200,482200
short-continuous-to-random-normal-short-1000000,salt-per-100000000-,100000,100000,482200,482200
short-continuous-to-random-normal-short-1000000,salt-per-1000000000-,100000,100000,482200,482200
short-continuous-to-random-normal-short-5000000,salt-per-1000000-,1000000,250345-249655-249655-250345,5076600,1269744-1269744-1268556-1268556
short-continuous-to-random-normal-short-5000000,salt-per-10000000-,500000,500000,2538300,2538300
short-continuous-to-random-normal-short-5000000,salt-per-100000000-,500000,500000,2538300,2538300
short-continuous-to-random-normal-short-5000000,salt-per-1000000000-,500000,500000,2538300,2538300
short-continuous-to-random-normal-short-10000000,salt-per-1000000-,5000000,199266-199642-199544-200584-199266-200584-200964-199642-199544-200964-199266-200584-199642-200584-200584-200964-200964-199544-199266-200964-199642-199544-199266-199544-199642,26507400,1060467-1058488-1060467-1060467-1060284-1058488-1060467-1060284-1058488-1058488-1058488-1062802-1062802-1060284-1059439-1059439-1060284-1060284-1059439-1062802-1059439-1059439-1062802-1062802-1060467
short-continuous-to-random-normal-short-10000000,salt-per-10000000-,1000000,1000000,5301480,5301480
short-continuous-to-random-normal-short-10000000,salt-per-100000000-,1000000,1000000,5301480,5301480
short-continuous-to-random-normal-short-10000000,salt-per-1000000000-,1000000,1000000,5301480,5301480
short-continuous-to-random-normal-short-50000000,salt-per-1000000-,170000000,1764075-1175700-1324097-1029182-1028276-1914399-1323156-1761208-1029655-1466897-1325612-1470157-1324529-1471450-1323057-1323681-1323001-1469601-882784-1323129-1615596-588056-1764941-1473584-587720-1471427-1470830-1619952-2057144-1765963-1325180-1762415-734585-2056724-2057652-1913386-1763798-1468506-1178006-1176182-1913267-1617395-1618882-1616902-589721-1617508-1911114-1324009-1469756-1911694-1914457-2057107-881642-1471782-1762776-1913291-1616792-1178343-1030425-1324052-1912780-735469-1470547-1618437-1324276-587830-1472536-881314-1912009-1909546-1175588-1174916-1324550-1472151-1323122-1909736-1616406-2057525-1910159-1768294-881353-1765616-1764556-1764017-1469408-1176470-1765385-1912176-1913531-1322937-1910724-1177925-1617271-1028310-1177773-1472019-1615689-2061137-1911598-1469249-1468707-1469947-1766153-1616605-1913662-882529-1618247-1617930-882444-1176612-1176889-1912827-1765527-1322141-1029237,1161242800,6025569-6030170-8034678-9038230-7031765-7028386-7032013-6025235-5022237-4019590-6032348-6026635-7034652-10048305-9040354-10041196-3015442-6028861-5018846-5021594-5024354-4016651-5025212-4019154-9040973-8038251-2008809-6024955-9038182-11049445-4019401-9034818-1003112-2007925-5021301-5025481-4017821-10045012-5024278-5024597-6026507-5023842-8032680-6027679-7031787-5022807-4018586-5022456-6028812-6026170-5024023-14063474-6026357-8035617-8039775-5022846-5019525-5021900-2008092-4017884-6024355-4017508-4019019-8038297-8040765-5021559-6029338-5023150-6025673-5028146-7028968-1003307-3013355-4014084-11055771-6028853-5025606-2007943-6028179-3011639-6025779-4017100-6023016-7035439-8041103-3013716-2007265-5023884-5017033-4018495-6030430-10044725-6025406-4015974-2010173-3012905-4021201-5021259-1004660-7029037-4016892-8035027-7037561-9042023-5025328-8043266-5020048-10046351-5024075-6027582-6026508-3013004-4019650-10047373-6027127-13056239-5022318-8033755-5023506-3014312-8036066-6027012-3011861-5020979-5021632-9040856-4017301-4013838-5024174-4017302-7026281-7028324-7029369-3011769-5023381-5021918-5019089-7029858-5020573-1004785-8038631-4018798-9043301-3013800-4014293-4019299-4019380-10045104-8040068-7030761-5023830-6026878-7028373-8035981-5018919-3015448-4017742-2009988-13061010-1003112-2008606-5022618-6028423-5023806-7031911-8036360-10049200-5023710-6025169-5023947-9042123-6027772-7036429-7036226-3012208-6026185-4020558-6024711-4017406-12047543-3012864-2007410-6027294-8033758-5026084-6029621-8039567-3013942-11053018-6027326-8035419-8035868-6024071-7033166-6026886-3015338-3017362-4018610-5022316-7034168
short-continuous-to-random-normal-short-50000000,salt-per-10000000-,15000000,1667726-1664747-1667726-1667527-1667527-1664747-1667726-1667527-1664747,102462600,11382433-11382433-11384389-11384389-11387378-11387378-11387378-11382433-11384389
short-continuous-to-random-normal-short-50000000,salt-per-100000000-,5000000,5000000,34154200,34154200
short-continuous-to-random-normal-short-50000000,salt-per-1000000000-,5000000,5000000,34154200,34154200
short-continuous-to-random-poisson-short-100000,salt-per-1000000-,100000,36926-63074,100000000,999815-1998897-1998085-999893-1000378-999296-999082-999296-3000536-999817-1000482-999003-2000488-999893-999296-3000460-999003-999815-1000378-1001561-1000673-999893-999817-1000673-1998899-999296-1000482-999893-999296-999817-1999460-999815-999082-999815-999296-999815-1001561-999003-1001561-999893-1001561-999082-1000378-1998006-1000482-1000482-1001561-1000482-999296-999815-999003-999817-1000673-999296-999815-1000378-999893-1001561-1000673-1000673-1000673-1000378-1000378-1000673-1999634-1000482-2000375-1999111-1000378-999003-1000482-999817-1001561-999893-2001939-999817-2998679-2001051-1000482-1000482-999082-999296-999893
short-continuous-to-random-poisson-short-100000,salt-per-10000000-,10000,10000,10000000,10000000
short-continuous-to-random-poisson-short-100000,salt-per-100000000-,10000,10000,10000000,10000000
short-continuous-to-random-poisson-short-100000,salt-per-1000000000-,10000,10000,10000000,10000000
short-continuous-to-random-poisson-short-500000,salt-per-1000000-,500000,34884-40098-39851-40038-45020-39774-35325-40046-39936-40106-39953-64969,100000000,1000057-2000054-1998778-1000463-999516-1000926-999997-1000926-3001298-999532-1000058-998781-1999889-1000463-1000926-3000367-998781-1000057-999516-1000838-999832-1000463-999532-999832-1999529-1000926-1000058-1000463-1000926-999532-1999513-1000057-999997-1000057-1000926-1000057-1000838-998781-1000838-1000463-1000838-999997-999516-1997562-1000058-1000058-1000838-1000058-1000926-1000057-998781-999532-999832-1000926-1000057-999516-1000463-1000838-999832-999832-999832-999516-999516-999832-1999064-1000058-2000521-2000983-999516-998781-1000058-999532-1000838-1000463-2000354-999532-2997394-1999348-1000058-1000058-999997-1000926-1000463
short-continuous-to-random-poisson-short-500000,salt-per-10000000-,50000,50000,10000000,10000000
short-continuous-to-random-poisson-short-500000,salt-per-100000000-,50000,50000,10000000,10000000
short-continuous-to-random-poisson-short-500000,salt-per-1000000000-,50000,50000,10000000,10000000
short-continuous-to-random-poisson-short-1000000,salt-per-1000000-,1000000,50089-39802-50031-50516-39981-39820-39957-40163-49977-39856-39702-39837-40108-40173-40190-40168-39835-39870-49750-40138-40007-40015-70015,100000000,1000376-2000144-1998976-1000052-999428-1001404-999768-1001404-3000577-1000485-998478-999208-2000420-1000052-1001404-3001010-999208-1000376-999428-1000757-1000044-1000052-1000485-1000044-2000253-1001404-998478-1000052-1001404-1000485-1999196-1000376-999768-1000376-1001404-1000376-1000757-999208-1000757-1000052-1000757-999768-999428-1998416-998478-998478-1000757-998478-1001404-1000376-999208-1000485-1000044-1001404-1000376-999428-1000052-1000757-1000044-1000044-1000044-999428-999428-1000044-2000970-998478-1998530-2001780-999428-999208-998478-1000485-1000757-1000052-2000185-1000485-2998460-1999472-998478-998478-999768-1001404-1000052
short-continuous-to-random-poisson-short-1000000,salt-per-10000000-,100000,100000,10000000,10000000
short-continuous-to-random-poisson-short-1000000,salt-per-100000000-,100000,100000,10000000,10000000
short-continuous-to-random-poisson-short-1000000,salt-per-1000000000-,100000,100000,10000000,10000000
short-continuous-to-random-poisson-short-5000000,salt-per-1000000-,5000000,49660-99782-100074-50219-49884-50179-50219-50219-149967-50063-49660-50063-100126-49660-49660-150154-49873-50179-50122-49986-50219-49884-49952-50062-99533-49986-49986-49986-49952-49873-100014-50219-49884-50062-50122-49873-50122-50122-49884-49873-50179-50179-49952-99544-50062-50122-49660-50063-49873-49986-50179-50062-49660-49884-49884-50063-50062-50062-49952-49873-49986-49873-50179-49884-100301-49873-100341-100015-49660-50219-49884-49986-50063-50179-100205-49884-150170-100398-50179-49952-49986-50062-50063,100000000,999890-2000614-2001321-999448-999089-1000069-1000724-1000069-2999870-999186-1000477-1000597-2000712-999448-1000069-2999608-1000597-999890-999089-999698-1000822-999448-999186-1000822-1999910-1000069-1000477-999448-1000069-999186-1999813-999890-1000724-999890-1000069-999890-999698-1000597-999698-999448-999698-1000724-999089-2001194-1000477-1000477-999698-1000477-1000069-999890-1000597-999186-1000822-1000069-999890-999089-999448-999698-1000822-1000822-1000822-999089-999089-1000822-1998372-1000477-1999925-1999959-999089-1000597-1000477-999186-999698-999448-1998787-999186-3002016-1999911-1000477-1000477-1000724-1000069-999448
short-continuous-to-random-poisson-short-5000000,salt-per-10000000-,500000,500000,10000000,10000000
short-continuous-to-random-poisson-short-5000000,salt-per-100000000-,500000,500000,10000000,10000000
short-continuous-to-random-poisson-short-5000000,salt-per-1000000000-,500000,500000,10000000,10000000
short-continuous-to-random-poisson-short-10000000,salt-per-1000000-,10000000,99943-199779-200051-99705-99684-100099-99705-99705-300737-100307-99943-100307-200614-99943-99943-300123-100163-100099-99836-99793-99705-99684-100215-100255-200106-99793-99793-99793-100215-100163-200470-99705-99684-100255-99836-100163-99836-99836-99684-100163-100099-100099-100215-199627-100255-99836-99943-100307-100163-99793-100099-100255-99943-99684-99684-100307-100255-100255-100215-100163-99793-100163-100099-99684-199935-100163-199541-200522-99943-99705-99684-99793-100307-100099-199498-99684-299884-199804-100099-100215-99793-100255-100307,100000000,1001895-2000597-1998230-999596-999799-997151-998702-997151-2999927-1000952-1000117-999528-2002526-999596-997151-3001283-999528-1001895-999799-1001629-1000631-999596-1000952-1000631-1999654-997151-1000117-999596-997151-1000952-1998501-1001895-998702-1001895-997151-1001895-1001629-999528-1001629-999596-1001629-998702-999799-1999056-1000117-1000117-1001629-1000117-997151-1001895-999528-1000952-1000631-997151-1001895-999799-999596-1001629-1000631-1000631-1000631-999799-999799-1000631-2001904-1000117-1999713-1999046-999799-999528-1000117-1000952-1001629-999596-2001428-1000952-2999687-2000430-1000117-1000117-998702-997151-999596
short-continuous-to-random-poisson-short-10000000,salt-per-10000000-,1000000,1000000,10000000,10000000
short-continuous-to-random-poisson-short-10000000,salt-per-100000000-,1000000,1000000,10000000,10000000
short-continuous-to-random-poisson-short-10000000,salt-per-1000000000-,1000000,1000000,10000000,10000000
short-continuous-to-random-poisson-short-10000000,salt-per-1000000-,10000000,100439-200308-200127-99417-100284-99513-99417-99417-300712-100196-100439-100196-200392-100439-100439-299032-99623-99513-99869-100409-99417-100284-100258-99992-200062-100409-100409-100409-100258-99623-200250-99417-100284-99992-99869-99623-99869-99869-100284-99623-99513-99513-100258-200723-99992-99869-100439-100196-99623-100409-99513-99992-100439-100284-100284-100196-99992-99992-100258-99623-100409-99623-99513-100284-199382-99623-199286-200454-100439-99417-100284-100409-100196-99513-199826-100284-300270-198930-99513-100258-100409-99992-100196,100000000,1000485-2002205-2000164-999724-1001070-999097-1001720-999097-3001670-999260-1000150-998444-2000309-999724-999097-3001206-998444-1000485-1001070-1000226-999824-999724-999260-999824-2000980-999097-1000150-999724-999097-999260-2002790-1000485-1001720-1000485-999097-1000485-1000226-998444-1000226-999724-1000226-1001720-1001070-1996888-1000150-1000150-1000226-1000150-999097-1000485-998444-999260-999824-999097-1000485-1001070-999724-1000226-999824-999824-999824-1001070-1001070-999824-1998520-1000150-1999874-1999582-1001070-998444-1000150-999260-1000226-999724-2001296-999260-2996712-2000894-1000150-1000150-1001720-999097-999724
short-continuous-to-random-poisson-short-10000000,salt-per-10000000-,1000000,1000000,10000000,10000000
short-continuous-to-random-poisson-short-10000000,salt-per-100000000-,1000000,1000000,10000000,10000000
short-continuous-to-random-poisson-short-10000000,salt-per-1000000000-,1000000,1000000,10000000,10000000
short-continuous-to-random-poisson-short-50000000,salt-per-1000000-,50000000,499086-999519-1000460-499853-500729-500840-499853-499853-1500040-499986-499086-499986-999972-499086-499086-1500574-499315-500840-500433-498325-499853-500729-500027-501406-998401-498325-498325-498325-500027-499315-1001433-499853-500729-501406-500433-499315-500433-500433-500729-499315-500840-500840-500027-999815-501406-500433-499086-499986-499315-498325-500840-501406-499086-500729-500729-499986-501406-501406-500027-499315-498325-499315-500840-500729-1001273-499315-1000286-1000013-499086-499853-500729-498325-499986-500840-998178-500729-1500164-1000693-500840-500027-498325-501406-499986,100000000,999184-1998873-2001286-1000750-1000240-999346-999689-999346-3000120-999608-999107-1001597-1999982-1000750-999346-2998978-1001597-999184-1000240-999681-1000798-1000750-999608-1000798-1999297-999346-999107-1000750-999346-999608-1999929-999184-999689-999184-999346-999184-999681-1001597-999681-1000750-999681-999689-1000240-2003194-999107-999107-999681-999107-999346-999184-1001597-999608-1000798-999346-999184-1000240-1000750-999681-1000798-1000798-1000798-1000240-1000240-1000798-1999216-999107-1999857-1998530-1000240-1001597-999107-999608-999681-1000750-1999921-999608-3003992-2001038-999107-999107-999689-999346-1000750
short-continuous-to-random-poisson-short-50000000,salt-per-10000000-,5000000,5000000,10000000,10000000
short-continuous-to-random-poisson-short-50000000,salt-per-100000000-,5000000,5000000,10000000,10000000
short-continuous-to-random-poisson-short-50000000,salt-per-1000000000-,5000000,5000000,10000000,10000000
short-continuous-to-random-uniform-short-100000,salt-per-1000000-,10000,10000,98580,98580
short-continuous-to-random-uniform-short-100000,salt-per-10000000-,10000,10000,98580,98580
short-continuous-to-random-uniform-short-100000,salt-per-100000000-,10000,10000,98580,98580
short-continuous-to-random-uniform-short-100000,salt-per-1000000000-,10000,10000,98580,98580
short-continuous-to-random-uniform-short-500000,salt-per-1000000-,50000,50000,500780,500780
short-continuous-to-random-uniform-short-500000,salt-per-10000000-,50000,50000,500780,500780
short-continuous-to-random-uniform-short-500000,salt-per-100000000-,50000,50000,500780,500780
short-continuous-to-random-uniform-short-500000,salt-per-1000000000-,50000,50000,500780,500780
short-continuous-to-random-uniform-short-1000000,salt-per-1000000-,100000,100000,1000680,1000680
short-continuous-to-random-uniform-short-1000000,salt-per-10000000-,100000,100000,1000680,1000680
short-continuous-to-random-uniform-short-1000000,salt-per-100000000-,100000,100000,1000680,1000680
short-continuous-to-random-uniform-short-1000000,salt-per-1000000000-,100000,100000,1000680,1000680
short-continuous-to-random-uniform-short-5000000,salt-per-1000000-,2500000,100224-99330-100640-100201-100224-100201-99605-99330-100640-99605-100224-100201-99330-100201-100201-99605-99605-100640-100224-99605-99330-100640-100224-100640-99330,25049500,1002742-1000978-1002742-1002742-1002104-1000978-1002742-1002104-1000978-1000978-1000978-1001083-1001083-1002104-1002993-1002993-1002104-1002104-1002993-1001083-1002993-1002993-1001083-1001083-1002742
short-continuous-to-random-uniform-short-5000000,salt-per-10000000-,500000,500000,5009900,5009900
short-continuous-to-random-uniform-short-5000000,salt-per-100000000-,500000,500000,5009900,5009900
short-continuous-to-random-uniform-short-5000000,salt-per-1000000000-,500000,500000,5009900,5009900
short-continuous-to-random-uniform-short-10000000,salt-per-1000000-,10000000,99584-199583-200045-99983-100503-100549-99983-99983-299637-99545-99584-99545-199090-99584-99584-299962-99780-100549-99999-99812-99983-100503-100046-100199-199364-99812-99812-99812-100046-99780-200245-99983-100503-100199-99999-99780-99999-99999-100503-99780-100549-100549-100046-200087-100199-99999-99584-99545-99780-99812-100549-100199-99584-100503-100503-99545-100199-100199-100046-99780-99812-99780-100549-100503-200548-99780-199982-199591-99584-99983-100503-99812-99545-100549-199795-100503-300010-200532-100549-100046-99812-100199-99545,100157400,1002407-2003855-2002418-1001799-1001375-1002601-1001448-1002601-3005118-1001459-1000615-1000970-2003602-1001799-1002601-3004778-1000970-1002407-1001375-1001871-1001195-1001799-1001459-1001195-2002907-1002601-1000615-1001799-1002601-1001459-2002823-1002407-1001448-1002407-1002601-1002407-1001871-1000970-1001871-1001799-1001871-1001448-1001375-2001940-1000615-1000615-1001871-1000615-1002601-1002407-1000970-1001459-1001195-1002601-1002407-1001375-1001799-1001871-1001195-1001195-1001195-1001375-1001375-1001195-2002918-1000615-2002414-2005008-1001375-1000970-1000615-1001459-1001871-1001799-2003246-1001459-3003135-2002570-1000615-1000615-1001448-1002601-1001799
short-continuous-to-random-uniform-short-10000000,salt-per-10000000-,1000000,1000000,10015740,10015740
short-continuous-to-random-uniform-short-10000000,salt-per-100000000-,1000000,1000000,10015740,10015740
short-continuous-to-random-uniform-short-10000000,salt-per-1000000000-,1000000,1000000,10015740,10015740
short-continuous-to-random-uniform-short-50000000,salt-per-1000000-,245000000,1838778-1122328-1528491-920334-1225397-1224572-1123966-2041049-1328017-1222043-1325792-1325638-1631386-1632560-1019340-1529896-818230-1429075-1531221-1733735-1326440-1531195-1938645-1021236-1429751-1326286-2143209-815840-1733240-1836881-1734911-1633727-1020877-1632538-1735101-918192-1632923-1223765-918111-1123887-1222388-917936-1122388-1836436-1326232-2039711-917116-1328058-1425356-816025-1121392-1326598-1529843-918619-1325592-1021541-1223623-1530800-1732223-1123370-1428801-1019722-1733980-1327299-1631171-1428883-1223040-1427795-1530496-1226164-1838168-817735-1530328-1223619-1225057-1121863-1427875-1020613-1020054-1222818-917485-1017028-1224881-1328570-1531640-1733060-1428845-611186-1429054-1120396-1224274-1326605-1326745-1019493-1224069-1835242-1735449-1326359-1224079-1020973-1838221-1633801-1736251-2552226-1531170-1633396-1938521-1732785-1121818-1327528-1019925-1122067-1631959-1225237-1122935-1326035-1224919-1428629-1733415-1223370-1120512-1122385-1020388-1019981-1532184-1836770-714050-1224398-611941-1631162-1327935-1020449-1734621-1530414-816420-1325524-1635255-1327472-1325875-1326814-715016-1224255-1021504-2142859-1834909-1122039-1224619-1225514-1324862-1939852-1327772-1327914-1430472-1122242-1022095-1021800-1429662-1736604-1328172-1327469-1430032-715462-2041619-1223190-1735091-1121937-1121310-917073-1940666-612920-2146503-1326492-918752-1836473-1837808-1428913-1426961-1835770-1732641-1427234,2448981780,11224514-7138643-11219829-15300216-9179584-12240183-12237269-11216902-10200840-10202460-13256230-12241509-13262603-13257357-16319778-16318398-10202394-15301744-8159632-14277560-15296518-9180515-8161983-13261341-15300351-19381110-10200075-14281682-13258988-21427932-8156062-13257117-4079577-9179483-9182633-7138377-10201446-16321178-10199603-16323936-17341412-9180964-16323087-12242924-9177178-11214262-12236041-9181361-11220927-18358508-13259614-20394356-9175652-13257592-14280318-8157117-11215164-13260420-15303806-9177835-13260702-10199204-12241865-15301671-17338308-11219058-14273725-10201903-17339772-13260242-16321109-7141591-7140280-12246048-14289473-15296110-12238228-8159092-10202491-8157617-15298263-12240253-12245057-11223006-14276684-5101337-5100489-10205411-12240048-9180536-10197951-12237006-13259390-9182997-6121792-8162612-9177067-14279030-6121799-14283034-11217398-12231783-13262748-13262376-10200899-12240075-18358513-17347036-13262224-12239157-10198759-10201022-8157581-16321119-17343921-25499834-15295692-16316361-11220550-8160494-17337277-11218689-13260571-10197897-11222106-11221829-5100360-12239068-11217483-13258615-12242305-14280068-17336423-12236023-11215427-11217695-10205323-10201363-10204657-5097933-18361262-7142215-12239780-6121093-16321891-13261466-10196772-17340497-15302643-8161302-13253295-16317126-13265554-13258607-13253212-7143975-12237231-10197325-21420730-6118448-12242551-11216141-12241465-12243517-13259801-19385079-13253727-13263055-14282253-11217778-10202392-10201743-14280744-11219702-6116929-13259335-13262810-14278980-7139613-20393153-12242715-7139617-10196199-11218808-11218925-9177278-19373783-6118868-21419362-13256806-9180742-18355533-18357645-14275727-14276892-8157301-10200049-10199433-7144364-14279546
short-continuous-to-random-uniform-short-50000000,salt-per-10000000-,20000000,1248083-1249185-1250376-1250376-1248083-1249185-1249185-1249185-1250376-1248083-1250376-1252356-1252356-1252356-1248083-1252356,199916880,12492967-12493456-12492967-12498002-12493456-12494795-12492967-12498002-12493456-12494795-12494795-12494795-12498002-12493456-12498002-12492967
short-continuous-to-random-uniform-short-50000000,salt-per-100000000-,5000000,5000000,49979220,49979220
short-continuous-to-random-uniform-short-50000000,salt-per-1000000000-,5000000,5000000,49979220,49979220
short-continuous-to-short-overlap-100000,salt-per-1000000-,10000,10000,19999,19999
short-continuous-to-short-overlap-100000,salt-per-10000000-,10000,10000,19999,19999
short-continuous-to-short-overlap-100000,salt-per-100000000-,10000,10000,19999,19999
short-continuous-to-short-overlap-100000,salt-per-1000000000-,10000,10000,19999,19999
short-continuous-to-short-overlap-500000,salt-per-1000000-,50000,50000,99999,99999
short-continuous-to-short-overlap-500000,salt-per-10000000-,50000,50000,99999,99999
short-continuous-to-short-overlap-500000,salt-per-100000000-,50000,50000,99999,99999
short-continuous-to-short-overlap-500000,salt-per-1000000000-,50000,50000,99999,99999
short-continuous-to-short-overlap-1000000,salt-per-1000000-,100000,100000,199999,199999
short-continuous-to-short-overlap-1000000,salt-per-10000000-,100000,100000,199999,199999
short-continuous-to-short-overlap-1000000,salt-per-100000000-,100000,100000,199999,199999
short-continuous-to-short-overlap-1000000,salt-per-1000000000-,100000,100000,199999,199999
short-continuous-to-short-overlap-5000000,salt-per-1000000-,500000,500000,999999,999999
short-continuous-to-short-overlap-5000000,salt-per-10000000-,500000,500000,999999,999999
short-continuous-to-short-overlap-5000000,salt-per-100000000-,500000,500000,999999,999999
short-continuous-to-short-overlap-5000000,salt-per-1000000000-,500000,500000,999999,999999
short-continuous-to-short-overlap-10000000,salt-per-1000000-,1000000,1000000,1999999,1999999
short-continuous-to-short-overlap-10000000,salt-per-10000000-,1000000,1000000,1999999,1999999
short-continuous-to-short-overlap-10000000,salt-per-100000000-,1000000,1000000,1999999,1999999
short-continuous-to-short-overlap-10000000,salt-per-1000000000-,1000000,1000000,1999999,1999999
short-continuous-to-short-overlap-50000000,salt-per-1000000-,45000000,555105-1110240-1110210-555517-555517-556770-556153-554650-555923-555267-554973-1111670-556770-1111126-554650-554973-555642-555517-555642-555267-1111795-555642-554650-555267-555267-1110622-555923-555923-554650-555923-554973-556770-556153-555642-556153-1111670-555517-556153-556770-555517-556153-554650-556770-555642-554650-555642-555267-554650-555923-555105-556770-556770-556770-1109917-555105-555642-1111875-555923-555267-554973-555517-554973-555105-1666538-1110573-555105-555923-555267-554973,89999991,1111510-2223838-2221321-1109533-1111034-1112328-1110211-1112328-1111788-1111500-1111220-2222385-1111034-2224116-1111220-1111510-1111220-1111510-1110875-1110211-2224116-1111034-1111500-1111034-1111788-2223548-1110875-1112328-1111510-1111034-1110875-1111788-1111034-1109533-1109533-2222440-1111500-1111500-1111500-1110211-1110875-1111788-1110875-1110211-1111034-1111510-1109533-1110211-1111510-1110211-1109533-1111220-1110211-2221750-1111500-1111500-2222544-1109533-1111220-1111500-1111788-1109533-1110875-3333219-2219744-1112328-1111500-1112328-1111034
short-continuous-to-short-overlap-50000000,salt-per-10000000-,5000000,5000000,9999999,9999999
short-continuous-to-short-overlap-50000000,salt-per-100000000-,5000000,5000000,9999999,9999999
short-continuous-to-short-overlap-50000000,salt-per-1000000000-,5000000,5000000,9999999,9999999
databio-s-1-2,salt-per-1000000-,198621,28998-27353-24893-19451-28645-26388-22670-20223,438694,34022-36402-28970-20752-25809-33928-29078-24847-36124-34655-25183-43366-31090-34468
databio-s-1-2,salt-per-10000000-,198621,28998-27353-24893-19451-28645-26388-22670-20223,438694,34022-36402-28970-20752-25809-33928-29078-24847-36124-34655-25183-43366-31090-34468
databio-s-1-2,salt-per-100000000-,198621,28998-27353-24893-19451-28645-26388-22670-20223,438694,34022-36402-28970-20752-25809-33928-29078-24847-36124-34655-25183-43366-31090-34468
databio-s-1-2,salt-per-1000000000-,198621,28998-27353-24893-19451-28645-26388-22670-20223,438694,34022-36402-28970-20752-25809-33928-29078-24847-36124-34655-25183-43366-31090-34468
databio-s-2-7,salt-per-1000000-,438694,34022-36402-28970-20752-25809-33928-29078-24847-36124-34655-25183-43366-31090-34468,1194285,91734-53380-35747-45571-41866-57116-60954-46270-57434-61769-75465-42841-52371-26139-70200-74858-109768-21819-71155-71578-26250
databio-s-2-7,salt-per-10000000-,438694,34022-36402-28970-20752-25809-33928-29078-24847-36124-34655-25183-43366-31090-34468,1194285,91734-53380-35747-45571-41866-57116-60954-46270-57434-61769-75465-42841-52371-26139-70200-74858-109768-21819-71155-71578-26250
databio-s-2-7,salt-per-100000000-,438694,34022-36402-28970-20752-25809-33928-29078-24847-36124-34655-25183-43366-31090-34468,1194285,91734-53380-35747-45571-41866-57116-60954-46270-57434-61769-75465-42841-52371-26139-70200-74858-109768-21819-71155-71578-26250
databio-s-2-7,salt-per-1000000000-,438694,34022-36402-28970-20752-25809-33928-29078-24847-36124-34655-25183-43366-31090-34468,1194285,91734-53380-35747-45571-41866-57116-60954-46270-57434-61769-75465-42841-52371-26139-70200-74858-109768-21819-71155-71578-26250
databio-s-1-0,salt-per-1000000-,397242,19631-27138-22193-27351-20843-21188-29154-21785-20456-28490-19833-25582-19827-23861-27105-20225-22580,4701930,56352-37740-33081-80678-211316-105941-39788-68961-59605-57471-86104-59605-237167-65117-27942-46373-53651-103389-48845-38936-49597-59391-55423-276012-172306-52831-26161-33081-172306-27727-32748-37618-45590-65871-105293-35635-77695-68732-56352-53991-49367-175164-27942-58679-56922-54239-104888-99453-64131-29913-181917-379947-37740-30181-55696-45289-29800-48893-45590-103757
databio-s-1-0,salt-per-10000000-,198621,28998-27353-24893-19451-28645-26388-22670-20223,2350965,113274-75358-59981-52337-101229-118996-32728-110946-64820-55669-26610-65829-91087-71245-105782-29934-107642-98964-207146-27264-363433-344561-26130
databio-s-1-0,salt-per-100000000-,198621,28998-27353-24893-19451-28645-26388-22670-20223,2350965,113274-75358-59981-52337-101229-118996-32728-110946-64820-55669-26610-65829-91087-71245-105782-29934-107642-98964-207146-27264-363433-344561-26130
databio-s-1-0,salt-per-1000000000-,198621,28998-27353-24893-19451-28645-26388-22670-20223,2350965,113274-75358-59981-52337-101229-118996-32728-110946-64820-55669-26610-65829-91087-71245-105782-29934-107642-98964-207146-27264-363433-344561-26130
databio-m-7-0,salt-per-1000000-,2388570,45932-26728-22000-54709-53279-55925-22727-31893-41285-39411-42412-28558-56931-45071-28885-33637-34815-55126-34411-24848-37374-28618-22877-90793-35683-26273-22876-21897-35913-28884-22000-26728-37626-39456-58748-21474-42233-48282-45840-35369-37374-113645-28594-36655-45906-22710-26080-66217-77150-31902-19977-35494-94435-26665-39300-36203-50262-37876-54598,4701930,56324-37759-32922-80804-211653-106527-39766-68878-59826-57596-86489-59826-237579-65207-27807-46207-53859-103478-48686-38604-49445-59170-55004-275751-172478-52840-26203-32922-172478-27862-32907-37599-45597-65919-104577-35533-77942-68860-56324-53783-49519-175361-27807-58335-56950-54220-104660-99734-64478-29940-181765-379885-37759-29996-55132-45277-29985-48871-45597-103668
databio-m-7-0,salt-per-10000000-,1194285,91734-53380-35747-45571-41866-57116-60954-46270-57434-61769-75465-42841-52371-26139-70200-74858-109768-21819-71155-71578-26250,2350965,113274-75358-59981-52337-101229-118996-32728-110946-64820-55669-26610-65829-91087-71245-105782-29934-107642-98964-207146-27264-363433-344561-26130
databio-m-7-0,salt-per-100000000-,1194285,91734-53380-35747-45571-41866-57116-60954-46270-57434-61769-75465-42841-52371-26139-70200-74858-109768-21819-71155-71578-26250,2350965,113274-75358-59981-52337-101229-118996-32728-110946-64820-55669-26610-65829-91087-71245-105782-29934-107642-98964-207146-27264-363433-344561-26130
databio-m-7-0,salt-per-1000000000-,1194285,91734-53380-35747-45571-41866-57116-60954-46270-57434-61769-75465-42841-52371-26139-70200-74858-109768-21819-71155-71578-26250,2350965,113274-75358-59981-52337-101229-118996-32728-110946-64820-55669-26610-65829-91087-71245-105782-29934-107642-98964-207146-27264-363433-344561-26130
databio-m-7-3,salt-per-1000000-,1194285,91734-53380-35747-45571-41866-57116-60954-46270-57434-61769-75465-42841-52371-26139-70200-74858-109768-21819-71155-71578-26250,1956864,68016-65388-48825-30061-42567-138230-97738-45607-70630-38303-57697-68186-64939-69952-21586-54347-68482-120214-27256-171168-566130-21542
databio-m-7-3,salt-per-10000000-,1194285,91734-53380-35747-45571-41866-57116-60954-46270-57434-61769-75465-42841-52371-26139-70200-74858-109768-21819-71155-71578-26250,1956864,68016-65388-48825-30061-42567-138230-97738-45607-70630-38303-57697-68186-64939-69952-21586-54347-68482-120214-27256-171168-566130-21542
databio-m-7-3,salt-per-100000000-,1194285,91734-53380-35747-45571-41866-57116-60954-46270-57434-61769-75465-42841-52371-26139-70200-74858-109768-21819-71155-71578-26250,1956864,68016-65388-48825-30061-42567-138230-97738-45607-70630-38303-57697-68186-64939-69952-21586-54347-68482-120214-27256-171168-566130-21542
databio-m-7-3,salt-per-1000000000-,1194285,91734-53380-35747-45571-41866-57116-60954-46270-57434-61769-75465-42841-52371-26139-70200-74858-109768-21819-71155-71578-26250,1956864,68016-65388-48825-30061-42567-138230-97738-45607-70630-38303-57697-68186-64939-69952-21586-54347-68482-120214-27256-171168-566130-21542
databio-l-0-8,salt-per-1000000-,21158685,247445-322828-212619-193777-200043-172282-127130-241003-198852-228932-182178-205221-256599-233186-202372-254714-209204-99112-234971-220051-152406-197585-158420-253333-84167-267035-228674-171689-233243-253315-147793-216596-235563-132916-292240-115414-189843-243495-269208-235402-179825-93539-239818-162035-215499-211398-159583-251885-237969-177877-227908-277574-193827-292073-146097-144879-211720-185763-107393-211365-136980-240735-212332-175794-270737-211570-150794-213288-194357-243506-231297-238256-173065-259973-237683-123295-168519-245579-143918-236075-150649-229949-242314-207689-118453-154177-191888-139256-224518-144675-182862-190104-201380-270010-141937-136620-261699-263397-221676-220364-134443-242766-255931-141111-134181,89501031,866763-638233-1195232-873661-871771-573695-1019167-945505-986805-945786-631013-943398-624187-893048-911392-787785-960843-834777-849845-707747-1066137-765490-728615-723014-1048598-426738-744706-996923-1136363-1059309-847917-1015804-862159-1057753-583471-814470-650974-718066-891839-1090604-691364-478066-1067048-377997-756952-1036779-1151582-774565-812020-1049391-901369-921048-566352-1106848-697719-861254-894403-589585-723598-907161-888648-1046410-913182-920369-911409-592708-1086291-947855-285624-793753-1094053-514689-969384-1147553-760674-998244-1065351-1088761-1014936-1132065-1071556-937477-543944-926267-744366-847620-1051013-1071374-1107051-640886-1176785-1078685-197738-1020117-861222-1004497-1013092-1121534-774664-998884-983302-948106-554188
databio-l-0-8,salt-per-10000000-,2350965,113274-75358-59981-52337-101229-118996-32728-110946-64820-55669-26610-65829-91087-71245-105782-29934-107642-98964-207146-27264-363433-344561-26130,9944559,516253-480316-374666-404203-288180-373106-125920-311783-241232-368399-73041-976523-276612-556250-256414-700255-259515-570009-460824-706318-95167-610865-743471-175237
databio-l-0-8,salt-per-100000000-,2350965,113274-75358-59981-52337-101229-118996-32728-110946-64820-55669-26610-65829-91087-71245-105782-29934-107642-98964-207146-27264-363433-344561-26130,9944559,516253-480316-374666-404203-288180-373106-125920-311783-241232-368399-73041-976523-276612-556250-256414-700255-259515-570009-460824-706318-95167-610865-743471-175237
databio-l-0-8,salt-per-1000000000-,2350965,113274-75358-59981-52337-101229-118996-32728-110946-64820-55669-26610-65829-91087-71245-105782-29934-107642-98964-207146-27264-363433-344561-26130,9944559,516253-480316-374666-404203-288180-373106-125920-311783-241232-368399-73041-976523-276612-556250-256414-700255-259515-570009-460824-706318-95167-610865-743471-175237
databio-l-4-8,salt-per-1000000-,69156594,710755-1639116-643595-932868-800802-852689-640049-486877-684863-776391-1064242-738701-869789-796329-244179-977057-707996-769022-690618-651032-736556-836591-729606-811577-587932-675160-741597-591266-1752529-256931-1003707-1056984-784051-846666-652644-1071686-833710-767196-509268-754123-554739-829922-707780-832961-884614-723345-487811-567105-792185-834218-642214-635569-820239-700673-216331-840020-549298-837084-968142-773878-853480-520594-671845-409594-636444-740402-827609-708464-568872-878980-364908-742799-612737-785713-522622-477827-824446-511817-994327-792309-800874-671496-891258-597378-803715-759265-808124-633876-829667-276587-576982-537614-784609-620085-244397,89501031,868406-638927-1192413-874601-869357-573796-1019282-944623-986235-944894-630759-943079-624516-892286-912645-788298-959793-834330-851241-706760-1066807-765633-729143-725607-1047917-426568-744917-997482-1136819-1058666-849619-1015780-862115-1058604-582565-815509-650287-719662-892951-1092397-691688-477708-1065183-378403-757816-1035254-1155386-775497-812214-1049997-901954-922154-566059-1106317-697510-860496-893199-588704-722614-907856-888393-1045527-911603-917116-909132-592953-1086106-946594-285859-793256-1094477-515278-969755-1149450-759331-999339-1063031-1087610-1017023-1133223-1071505-935738-543344-924405-745080-849521-1049775-1071602-1109060-640518-1176330-1079680-199411-1018852-861922-1003705-1011401-1122127-772957-1001354-982576-949464-554350
databio-l-4-8,salt-per-10000000-,7684066,155094-211985-193728-82691-85932-494345-46317-301086-163795-192075-36745-87851-222108-192983-235640-227006-55330-181813-259342-302381-106054-369773-3402244-77748,9944559,516253-480316-374666-404203-288180-373106-125920-311783-241232-368399-73041-976523-276612-556250-256414-700255-259515-570009-460824-706318-95167-610865-743471-175237
databio-l-4-8,salt-per-100000000-,7684066,155094-211985-193728-82691-85932-494345-46317-301086-163795-192075-36745-87851-222108-192983-235640-227006-55330-181813-259342-302381-106054-369773-3402244-77748,9944559,516253-480316-374666-404203-288180-373106-125920-311783-241232-368399-73041-976523-276612-556250-256414-700255-259515-570009-460824-706318-95167-610865-743471-175237
databio-l-4-8,salt-per-1000000000-,7684066,155094-211985-193728-82691-85932-494345-46317-301086-163795-192075-36745-87851-222108-192983-235640-227006-55330-181813-259342-302381-106054-369773-3402244-77748,9944559,516253-480316-374666-404203-288180-373106-125920-311783-241232-368399-73041-976523-276612-556250-256414-700255-259515-570009-460824-706318-95167-610865-743471-175237
databio-l-7-8,salt-per-1000000-,10748565,93928-97236-95659-121921-97582-59280-106368-122496-103161-121301-81957-97054-70424-103248-96704-107754-121487-84959-121538-96042-121223-94756-131427-112573-109839-112163-106006-106803-107657-126142-121176-117452-102638-113892-94731-87664-85230-119770-107065-81210-65606-121814-49392-98472-88564-108465-116892-88509-67708-68144-125219-103710-130954-142129-89267-139670-68144-128719-119754-106886-101270-130539-118087-108141-80519-117481-130498-113724-118780-36903-100787-118600-32987-100545-120777-111259-115156-106433-88984-108368-78925-101010-73774-112999-92776-92538-55807-91422-72280-67861-122092-95996-100457-84619-110643-127953-100817-122269-113170-85962-117905-110920-111498-122849-68965-65686,89501031,866957-640166-1193637-872925-870083-573945-1020156-946297-985931-942459-631106-942693-625231-892265-912927-786976-959465-833933-850856-706983-1066287-766335-727908-725261-1048308-426110-743826-996547-1137747-1059122-847928-1015851-862678-1057934-582547-815602-650762-718011-892820-1094339-690514-478591-1065441-377672-757698-1036590-1156182-775382-811399-1049475-903109-921821-565095-1107745-698322-859662-894723-590717-722626-906917-886592-1045600-912371-916154-909339-592416-1085057-947657-286287-793854-1094110-514348-970859-1149207-761434-997641-1061548-1088548-1012547-1131712-1070371-938418-544733-924488-745812-849147-1052815-1071751-1108404-640058-1177338-1081025-198310-1017797-861455-1003422-1010722-1123230-774842-1002601-984113-948011-554292
databio-l-7-8,salt-per-10000000-,1194285,91734-53380-35747-45571-41866-57116-60954-46270-57434-61769-75465-42841-52371-26139-70200-74858-109768-21819-71155-71578-26250,9944559,516253-480316-374666-404203-288180-373106-125920-311783-241232-368399-73041-976523-276612-556250-256414-700255-259515-570009-460824-706318-95167-610865-743471-175237
databio-l-7-8,salt-per-100000000-,1194285,91734-53380-35747-45571-41866-57116-60954-46270-57434-61769-75465-42841-52371-26139-70200-74858-109768-21819-71155-71578-26250,9944559,516253-480316-374666-404203-288180-373106-125920-311783-241232-368399-73041-976523-276612-556250-256414-700255-259515-570009-460824-706318-95167-610865-743471-175237
databio-l-7-8,salt-per-1000000000-,1194285,91734-53380-35747-45571-41866-57116-60954-46270-57434-61769-75465-42841-52371-26139-70200-74858-109768-21819-71155-71578-26250,9944559,516253-480316-374666-404203-288180-373106-125920-311783-241232-368399-73041-976523-276612-556250-256414-700255-259515-570009-460824-706318-95167-610865-743471-175237
databio-xl-3-0,salt-per-1000000-,3913728,34143-32855-28815-70519-109930-82690-28529-43645-68975-42355-53647-69255-125300-51855-35256-42996-27135-60015-43455-34553-34334-68975-29935-343173-283158-49946-28882-282972-35256-28815-32855-34067-45500-74015-32333-54853-37977-33873-27212-34334-104893-35374-35935-34143-36380-103322-77067-57872-85735-383544-32533-24630-39263-33483-24630-32218-34119-60199,4701930,56963-37807-32882-81031-211673-106313-39992-68902-59631-57164-86274-59631-237576-65541-27779-46241-53749-103700-48613-38529-49617-59365-55322-275928-172079-52641-26265-32882-172079-27890-32947-37551-45636-66153-104889-35495-77717-68638-56963-53893-49347-175056-27779-58510-56311-54235-104816-99458-64061-30160-181902-380085-37807-29839-55272-45606-30142-48521-45636-103446
databio-xl-3-0,salt-per-10000000-,1956864,68016-65388-48825-30061-42567-138230-97738-45607-70630-38303-57697-68186-64939-69952-21586-54347-68482-120214-27256-171168-566130-21542,2350965,113274-75358-59981-52337-101229-118996-32728-110946-64820-55669-26610-65829-91087-71245-105782-29934-107642-98964-207146-27264-363433-344561-26130
databio-xl-3-0,salt-per-100000000-,1956864,68016-65388-48825-30061-42567-138230-97738-45607-70630-38303-57697-68186-64939-69952-21586-54347-68482-120214-27256-171168-566130-21542,2350965,113274-75358-59981-52337-101229-118996-32728-110946-64820-55669-26610-65829-91087-71245-105782-29934-107642-98964-207146-27264-363433-344561-26130
databio-xl-3-0,salt-per-1000000000-,1956864,68016-65388-48825-30061-42567-138230-97738-45607-70630-38303-57697-68186-64939-69952-21586-54347-68482-120214-27256-171168-566130-21542,2350965,113274-75358-59981-52337-101229-118996-32728-110946-64820-55669-26610-65829-91087-71245-105782-29934-107642-98964-207146-27264-363433-344561-26130
